{
  "uptime_seconds": 1189.6113221645355,
  "api_stats": {
    "/ticker/24hr": {
      "total_requests": 1,
      "avg_response_time": 0.20323443412780762,
      "max_response_time": 0.20323443412780762,
      "min_response_time": 0.20323443412780762,
      "error_count": 1
    }
  },
  "performance_stats": {},
  "counters": {
    "api_requests_/ticker/24hr": 1,
    "api_errors_/ticker/24hr": 1
  }
}