{
  "uptime_seconds": 1.6255815029144287,
  "api_stats": {
    "/ticker/bookTicker": {
      "total_requests": 1,
      "avg_response_time": 0.1719968318939209,
      "max_response_time": 0.1719968318939209,
      "min_response_time": 0.1719968318939209,
      "error_count": 0
    },
    "/klines": {
      "total_requests": 15,
      "avg_response_time": 0.5264116128285726,
      "max_response_time": 0.8688383102416992,
      "min_response_time": 0.1384575366973877,
      "error_count": 0
    },
    "/trades": {
      "total_requests": 14,
      "avg_response_time": 0.5054132427488055,
      "max_response_time": 0.8150873184204102,
      "min_response_time": 0.1536424160003662,
      "error_count": 0
    }
  },
  "performance_stats": {},
  "counters": {
    "api_requests_/ticker/bookTicker": 1,
    "api_requests_/klines": 15,
    "api_requests_/trades": 14
  }
}