{
  "uptime_seconds": 2.4609479904174805,
  "api_stats": {
    "/ticker/bookTicker": {
      "total_requests": 2,
      "avg_response_time": 0.07829582691192627,
      "max_response_time": 0.1376631259918213,
      "min_response_time": 0.01892852783203125,
      "error_count": 0
    },
    "/klines": {
      "total_requests": 32,
      "avg_response_time": 0.3981147035956383,
      "max_response_time": 0.72409987449646,
      "min_response_time": 0.11580944061279297,
      "error_count": 0
    },
    "/trades": {
      "total_requests": 32,
      "avg_response_time": 0.407730408012867,
      "max_response_time": 0.7089798450469971,
      "min_response_time": 0.12134647369384766,
      "error_count": 0
    }
  },
  "performance_stats": {},
  "counters": {
    "api_requests_/ticker/bookTicker": 2,
    "api_requests_/klines": 32,
    "api_requests_/trades": 32
  }
}