{
  "uptime_seconds": 1.7700915336608887,
  "api_stats": {
    "/ticker/bookTicker": {
      "total_requests": 1,
      "avg_response_time": 0.11896848678588867,
      "max_response_time": 0.11896848678588867,
      "min_response_time": 0.11896848678588867,
      "error_count": 0
    },
    "/trades": {
      "total_requests": 15,
      "avg_response_time": 0.5325181166330973,
      "max_response_time": 0.8280453681945801,
      "min_response_time": 0.1580057144165039,
      "error_count": 0
    },
    "/klines": {
      "total_requests": 14,
      "avg_response_time": 0.5770209516797747,
      "max_response_time": 0.8817253112792969,
      "min_response_time": 0.27695131301879883,
      "error_count": 0
    }
  },
  "performance_stats": {},
  "counters": {
    "api_requests_/ticker/bookTicker": 1,
    "api_requests_/trades": 15,
    "api_requests_/klines": 14
  }
}